Identifier,Mean_GFP_Intensity,Total_GFP_Intensity
A1_03_001,1380.3135895092664,561875971
A1_03_002,1366.2790045703503,557530642
A1_03_003,1374.0927137732053,561501002
A1_03_004,1342.1060709655758,547655777
A1_03_005,1304.9803940799734,532217984
A1_03_006,1289.6413635539081,526088560
A1_03_007,1277.836077617028,521822252
A1_03_008,1270.5569104397607,519102543
A1_03_009,1258.878990514341,514133733
A1_03_010,1266.4348525403634,518092166
A1_03_011,1247.392420851202,511060417
A1_03_012,1243.871375740729,509233478
A1_03_013,1229.925185732073,504764986
A1_03_014,1269.066393737891,521398466
A1_03_015,1238.5526866255439,509804387
A1_03_016,1254.611582801721,517039234
A1_03_017,1243.7423772434483,513225317
A1_03_018,1270.3693263339537,524164547
A1_03_019,1273.4602643397798,526265095
A1_03_020,1288.3305840527203,532336909
A1_03_021,1292.883811676301,535432316
A1_03_022,1300.1621443952756,537964190
A1_03_023,1313.77844668109,544704368
A1_03_024,1356.3140042865832,561942593
A1_03_025,1334.30665738081,553694565
A1_03_026,1374.9473956927468,570504173
A1_03_027,1394.523786459237,578705059
A1_03_028,1441.2966726703041,599376193
A1_03_029,1465.461472107637,608201682
A1_03_030,1489.9417976170128,618863715
A1_03_031,1495.938931646874,621393585
A1_03_032,1518.437776156456,630605690
A1_03_033,1548.2511152036013,643135772
A1_03_034,1566.5066717700954,650737837
A1_03_035,1589.318532029838,661334513
A1_03_036,1605.55054553498,667783794
A1_03_037,1644.8660515347085,685080131
A1_03_038,1682.9939715121577,701842146
A1_03_039,1695.9676743985265,707177817
A1_03_040,1726.2132430488973,720176165
A1_03_041,1751.8349075266342,730583478
A1_03_042,1744.5364606422518,728017744
A1_03_043,1782.8835115228133,744079302
A1_03_044,1738.896434752841,726383991
A1_03_045,1717.8034306819025,718129442
A1_03_046,1722.412266295656,720514332
A1_03_047,1688.8409727758337,707566947
A1_03_048,1700.910970278886,712844984
A1_03_049,1704.9922147061911,714821396
A1_03_050,1687.8832286905658,707567401
A1_03_051,1696.0559226472633,710235290
A1_03_052,1665.1300778883806,698219014
A1_03_053,1665.4926613595194,698774101
A1_03_054,1695.441340422488,711102007
A1_03_055,1649.3684281936355,692914521
A1_03_056,1677.1598634753716,703665838
A1_03_057,1659.750383096564,696442879
A1_03_058,1631.3019916042551,683939673
A1_03_059,1665.9072411003235,700080859
A1_03_060,1667.7894127925385,700593302
A1_03_061,1667.1529588790218,699117259
A2_03_001,1284.033956815738,550492322
A2_03_002,1256.8515285389449,532287934
A2_03_003,1255.89192573741,528518255
A2_03_004,1234.492046684661,522306178
A2_03_005,1213.4351855352452,513535478
A2_03_006,1200.284581159647,506632920
A2_03_007,1190.230035860692,505489506
A2_03_008,1186.0145981275393,503552148
A2_03_009,1170.657586194736,497933351
A2_03_010,1177.3301219367822,497245377
A2_03_011,1147.8247764435816,483017292
A2_03_012,1136.6078503650504,477932235
A2_03_013,1106.7147869554867,464930882
A2_03_014,1133.7123907123575,478355205
A2_03_015,1089.7957068257049,458289609
A2_03_016,1099.3822548018754,465223390
A2_03_017,1075.8122810876264,454884631
A2_03_018,1086.7159450323027,459377651
A2_03_019,1078.7413897323936,455068134
A2_03_020,1075.3211582421961,453471535
A2_03_021,1067.0517017597879,450519899
A2_03_022,1061.1545286962546,447277695
A2_03_023,1053.7311498469064,444981181
A2_03_024,1067.5910260594794,451379621
A2_03_025,1027.225425999839,433918510
A2_03_026,1043.0405149295455,440284090
A2_03_027,1038.8434862572317,438320271
A2_03_028,1050.5647346618184,444060056
A2_03_029,1044.4797932530735,441946557
A2_03_030,1040.363873906042,439960519
A2_03_031,1019.9104626317716,431988176
A2_03_032,1015.8867062249795,428354725
A2_03_033,1007.7593005926186,429381044
A2_03_034,1004.8922676320516,429138238
A2_03_035,1004.5606707851128,430107674
A2_03_036,1001.6977078142161,424113801
A2_03_037,982.4609487189177,415966106
A2_03_038,998.011056989086,425759501
A2_03_039,995.7438165291514,422631514
A2_03_040,996.146114554597,425729938
A2_03_041,1000.5055260758011,423479972
A2_03_042,987.7052274036238,418443295
A2_03_043,1020.9394001633686,432451553
A2_03_044,988.4675554093893,420785696
A2_03_045,993.5375931334846,421114883
A2_03_046,1017.1062857465914,431777892
A2_03_047,1005.3281710496486,425712246
A2_03_048,1024.6129691997392,435357026
A2_03_049,1047.5899763564403,444405477
A2_03_050,1036.2124131786911,439655601
A2_03_051,1059.9037950358043,453366429
A2_03_052,1056.246376400175,446491187
A2_03_053,1064.494912753007,451556613
A2_03_054,1091.2912575053892,462193495
A2_03_055,1066.9411854751156,453047767
A2_03_056,1093.2659567654503,460878290
A2_03_057,1105.2226623992412,466182919
A2_03_058,1099.4894015493317,464965272
A2_03_059,1126.4055417048448,475749771
A2_03_060,1134.517983524634,481066257
A2_03_061,1145.1994059985645,485069822
A3_03_001,1027.260314218836,426571900
A3_03_002,1001.554614047802,413218398
A3_03_003,1001.5469501901583,412925789
A3_03_004,976.9660448558551,402322433
A3_03_005,960.3413851729883,394266235
A3_03_006,946.8987838491296,391637337
A3_03_007,941.1096677723064,386440334
A3_03_008,931.8077632394212,383490144
A3_03_009,924.0626855711481,382181238
A3_03_010,939.6929076740936,387333899
A3_03_011,914.9450274510185,376296761
A3_03_012,910.7456950227653,374454914
A3_03_013,886.7317059599125,366526117
A3_03_014,918.1195557252911,377436195
A3_03_015,875.0420320884141,360887460
A3_03_016,891.1306153696593,366664603
A3_03_017,864.7142721712836,355733075
A3_03_018,879.0516559540987,361875679
A3_03_019,877.8964909294295,361008595
A3_03_020,874.115814510576,360523823
A3_03_021,869.3640218020334,359037778
A3_03_022,868.9401077171506,359459668
A3_03_023,865.7658386006174,359278105
A3_03_024,881.5126816013526,364968288
A3_03_025,841.5306555751699,347998172
A3_03_026,860.5144767279907,355250494
A3_03_027,860.4045111542991,355059688
A3_03_028,877.0190289479054,361012605
A3_03_029,876.2629440070735,360737300
A3_03_030,874.7228922657146,361615692
A3_03_031,857.7746588656207,354352716
A3_03_032,856.1486747857072,353677586
A3_03_033,856.285514511618,353923354
A3_03_034,855.7900865299944,352779780
A3_03_035,854.1528304537154,352681412
A3_03_036,852.8209334683442,351207864
A3_03_037,835.5181684514971,344927801
A3_03_038,855.6666950188461,352099144
A3_03_039,855.0467289266222,352493014
A3_03_040,855.4439354439743,352746584
A3_03_041,857.6130614803692,352947225
A3_03_042,839.2249610749863,345499685
A3_03_043,875.6421969845785,361068433
A3_03_044,841.6217970352924,346617729
A3_03_045,840.7088926418071,347471711
A3_03_046,859.1694206557671,354245003
A3_03_047,845.0494812915258,347984616
A3_03_048,861.8874115215268,355675940
A3_03_049,882.3078277729198,362232361
A3_03_050,865.8712153031521,356642829
A3_03_051,885.7836943361342,365066006
A3_03_052,868.9883661452159,358460308
A3_03_053,871.559992203109,357705652
A3_03_054,893.864545833445,366733852
A3_03_055,857.9024256740483,352650229
A3_03_056,873.9517008468474,360479732
A3_03_057,874.9752029684745,361252762
A3_03_058,860.5190970573265,353340328
A3_03_059,879.7943591704892,361161743
A3_03_060,880.6910639701566,363096596
A3_03_061,881.7626004382761,364554166
A4_03_001,1048.2398392865437,451351110
A4_03_002,1035.9478103724214,445982784
A4_03_003,1032.5638408461416,444001419
A4_03_004,1017.4738658054856,437622632
A4_03_005,1005.7404873029459,435935197
A4_03_006,996.493988434784,433055361
A4_03_007,984.6920071837218,425473600
A4_03_008,983.2080848382544,422866982
A4_03_009,973.6476424902861,420473629
A4_03_010,982.397438669168,422594959
A4_03_011,960.6345077363684,413241910
A4_03_012,953.2398065749627,409830203
A4_03_013,933.2332182058275,400710746
A4_03_014,966.9694807004505,416357719
A4_03_015,929.3231325306803,400063386
A4_03_016,945.495233064346,408093707
A4_03_017,924.0903161516159,399681999
A4_03_018,942.6577995969584,406493839
A4_03_019,940.801826772525,407989061
A4_03_020,941.4448210173942,407227606
A4_03_021,941.9945809639937,408675871
A4_03_022,944.8289413598897,409672160
A4_03_023,950.9350009680363,412580267
A4_03_024,972.9137759498179,423426669
A4_03_025,939.2903299334607,407961969
A4_03_026,965.4584813473588,419902030
A4_03_027,979.3172526986353,427216379
A4_03_028,1011.2485469818754,440719308
A4_03_029,1028.791824915639,446950378
A4_03_030,1050.352882070667,456812123
A4_03_031,1049.3473467254194,457702227
A4_03_032,1075.9858764904134,468988888
A4_03_033,1107.9040232971208,482782473
A4_03_034,1152.9633885039627,502042919
A4_03_035,1194.4438477670437,521141823
A4_03_036,1237.396477259406,538340474
A4_03_037,1260.5619445164755,549313818
A4_03_038,1339.413803240661,583187467
A4_03_039,1388.5699791340037,604912460
A4_03_040,1449.2103358971951,632886095
A4_03_041,1544.7584263487424,674543483
A4_03_042,1589.0942090686442,694259369
A4_03_043,1687.523480792604,737260446
A4_03_044,1696.007296915852,741445206
A4_03_045,1711.3205553892456,748879009
A4_03_046,1747.0292834164975,764653753
A4_03_047,1813.6937725472994,793837441
A4_03_048,1868.1969875103587,818350613
A4_03_049,1907.1558080957877,835910205
A4_03_050,1931.8554978931431,847250002
A4_03_051,1964.4298013939824,861316033
A4_03_052,2024.044416321784,887654799
A4_03_053,2005.436018513442,877851541
A4_03_054,1987.8928868552412,869758799
A4_03_055,1897.8199707340013,831341936
A4_03_056,1863.9356816726047,817695536
A4_03_057,1929.1805161966377,846871663
A4_03_058,1875.8741671066286,824319137
A4_03_059,1883.1363960972503,827996242
A4_03_060,1883.8064012188465,828422703
A4_03_061,1995.8477203819994,878801689
A5_03_001,1463.1889735199793,540185958
A5_03_002,1419.7851248327772,528526371
A5_03_003,1387.0526407708037,516237413
A5_03_004,1353.048909368865,498291381
A5_03_005,1318.1954521699367,484283918
A5_03_006,1295.1289775900825,475344713
A5_03_007,1279.0925013340884,469800443
A5_03_008,1262.7599098466096,467266626
A5_03_009,1238.3702566624956,458220524
A5_03_010,1238.3862245381335,457490831
A5_03_011,1201.4246527438925,443195943
A5_03_012,1187.251687939264,438025825
A5_03_013,1156.4582389048187,427111252
A5_03_014,1182.1281664255057,435445185
A5_03_015,1128.0871041397259,416983861
A5_03_016,1132.3784226279072,418443269
A5_03_017,1099.4821588953935,406425779
A5_03_018,1105.2028719779328,408681918
A5_03_019,1093.205435494257,405746477
A5_03_020,1082.086147347095,401646572
A5_03_021,1071.5416705853902,398768875
A5_03_022,1062.7151344169886,395147243
A5_03_023,1053.0037227341952,392040657
A5_03_024,1060.3045796543972,394727008
A5_03_025,1017.4619201999042,377862973
A5_03_026,1026.970018057855,382742483
A5_03_027,1018.0523677299522,378738896
A5_03_028,1030.073765025412,383053531
A5_03_029,1024.128285268943,379769299
A5_03_030,1017.4155439356402,378639334
A5_03_031,993.0353481349339,369619673
A5_03_032,987.7801682198534,365470760
A5_03_033,980.8720804568037,364860873
A5_03_034,976.8954131298185,363785106
A5_03_035,971.7800352574681,362169786
A5_03_036,967.3855764532808,360353062
A5_03_037,944.9789184013389,352323105
A5_03_038,962.279596324829,356616007
A5_03_039,957.2555307772911,356280936
A5_03_040,955.5874788594327,354832565
A5_03_041,953.6238511183566,355363160
A5_03_042,933.0563597952996,347149217
A5_03_043,969.3023022081527,360697742
A5_03_044,934.0194333336927,346532418
A5_03_045,930.3281127411468,346249517
A5_03_046,947.1930959970616,353303972
A5_03_047,930.7960623042911,346298021
A5_03_048,946.6118938066417,352211567
A5_03_049,965.7287431952917,358704490
A5_03_050,948.5734475881237,352901574
A5_03_051,964.6599221518869,360098867
A5_03_052,951.2141890497667,354956038
A5_03_053,947.280582420232,353591423
A5_03_054,966.9585439186194,359879730
A5_03_055,936.5346745302104,349513804
A5_03_056,954.3726269469487,356122237
A5_03_057,955.1819878124304,356285747
A5_03_058,941.9672507267169,350620934
A5_03_059,957.2013772177414,357104075
A5_03_060,960.7514587109714,358294963
A5_03_061,964.2301674867855,359182487
A6_03_001,1005.4537037551152,362166435
A6_03_002,974.1098254780957,379938874
A6_03_003,977.8036095013691,383861252
A6_03_004,954.7944081461821,380971562
A6_03_005,943.369126829512,377706131
A6_03_006,932.3909024299666,371580152
A6_03_007,926.2706904493159,366001043
A6_03_008,919.314687539452,364094582
A6_03_009,913.6325867776886,364283585
A6_03_010,926.2259983050252,369403010
A6_03_011,903.6074683346836,359127945
A6_03_012,903.0455780557411,356934183
A6_03_013,883.9057352941177,348612422
A6_03_014,916.7304294142209,357863141
A6_03_015,884.9700469383966,333713355
A6_03_016,891.0060678567996,352269941
A6_03_017,997.9711662675455,195449659
A6_03_018,902.6678233315296,323608220
A6_03_019,971.8417458650451,224865715
A6_03_020,886.4319338258417,343887723
A6_03_021,997.9988708610956,196216558
A6_03_022,883.6928020695696,349109911
A6_03_023,883.3501088841184,342358235
A6_03_024,1013.6626250855015,200061524
A6_03_025,861.9086400337936,338706824
A6_03_026,877.182638252038,345300314
A6_03_027,881.6349485770472,333551595
A6_03_028,892.8306336862378,353265404
A6_03_029,903.0810128502394,333395836
A6_03_030,890.7934303910362,354575871
A6_03_031,875.4446866402712,347806295
A6_03_032,875.4839299679287,343682598
A6_03_033,877.2019168733241,348066703
A6_03_034,958.7753683462747,213244106
A6_03_035,877.7626779393414,344688626
A6_03_036,876.4690554566948,347732086
A6_03_037,858.8943191679348,341466320
A6_03_038,880.0771206607824,349483025
A6_03_039,882.5401279983874,350262526
A6_03_040,882.3089968757704,350751354
A6_03_041,883.4751467552534,350517881
A6_03_042,865.4835388260808,344801718
A6_03_043,902.7896840569503,358895011
A6_03_044,869.5920004459399,343203614
A6_03_045,872.8720351633771,347328003
A6_03_046,889.7824110830829,354144077
A6_03_047,873.5047812577709,347757103
A6_03_048,893.0283714852878,355398501
A6_03_049,916.9022887611355,365076566
A6_03_050,899.2212750557912,357810936
A6_03_051,916.9665820472187,363379185
A6_03_052,903.341687101644,358434238
A6_03_053,904.1662212191906,356566991
A6_03_054,922.2379127217708,366937254
A6_03_055,887.2165110171646,352360699
A6_03_056,912.2144177122517,361337253
A6_03_057,911.9895870781221,362766658
A6_03_058,896.501534128062,356466940
A6_03_059,916.4303711072773,363873261
A6_03_060,918.1437309561583,364604057
A6_03_061,922.2681600120878,366228075
B1_03_001,1833.467182053215,724773244
B1_03_002,1823.2705866604704,721898463
B1_03_003,1841.3633792012274,729701004
B1_03_004,1834.3271290467967,724452825
B1_03_005,1794.8919336535148,708580258
B1_03_006,1756.6952008661926,691164700
B1_03_007,1691.141985480555,662971628
B1_03_008,1671.9989624408706,654258210
B1_03_009,1616.7714926227748,632487475
B1_03_010,1595.4822452724438,623420328
B1_03_011,1531.3001639583274,598666393
B1_03_012,1486.2389138603623,580625984
B1_03_013,1419.7881138272944,555006532
B1_03_014,1410.1379640387559,551017050
B1_03_015,1342.171386071048,525133950
B1_03_016,1308.1666129180871,511111161
B1_03_017,1262.3274991568123,494039638
B1_03_018,1242.160235605241,485675957
B1_03_019,1211.8019200106298,474241105
B1_03_020,1169.5754285728888,457721531
B1_03_021,1153.007304157594,451153310
B1_03_022,1138.0896856293157,445829563
B1_03_023,1121.7330293857895,445818210
B1_03_024,1121.2258357535532,450534329
B1_03_025,1074.1410422563185,432642529
B1_03_026,1076.2824879738357,434722336
B1_03_027,1068.8404995672067,432185656
B1_03_028,1075.5672310855425,435243338
B1_03_029,1063.3332987864162,430911566
B1_03_030,1054.4711379797695,427513179
B1_03_031,1028.1641676704528,417396610
B1_03_032,1014.5317264375504,412573530
B1_03_033,1008.6996486817587,410866567
B1_03_034,997.9858405430326,406962658
B1_03_035,993.9428046179867,405498846
B1_03_036,986.8366520104349,402871129
B1_03_037,966.0874899191085,395313340
B1_03_038,980.2206881576668,401769915
B1_03_039,978.362963921048,400901835
B1_03_040,977.5341012057844,400244495
B1_03_041,972.7419853610788,399491515
B1_03_042,955.6776624789863,391687357
B1_03_043,992.8046428588826,407611831
B1_03_044,953.347925342004,391718269
B1_03_045,949.8735271357444,390335328
B1_03_046,973.0005010519659,400034561
B1_03_047,953.4004837922316,392559789
B1_03_048,971.2418194487947,400016627
B1_03_049,992.006756969869,408872449
B1_03_050,972.5428574199947,401056251
B1_03_051,989.718522923405,409428738
B1_03_052,972.5241389820914,402019111
B1_03_053,976.4351750434616,403836989
B1_03_054,990.9750475020911,409932684
B1_03_055,957.3835817443222,397350567
B1_03_056,977.7498756309014,404876446
B1_03_057,979.2256882417126,405638366
B1_03_058,958.6035558681217,398013155
B1_03_059,977.3741634424973,405702151
B1_03_060,975.4567872754055,405925612
B1_03_061,979.1705023788792,407082303
B2_03_001,1760.649396897505,731727650
B2_03_002,1751.062161746839,729278867
B2_03_003,1773.570820635115,738509569
B2_03_004,1787.0266641845533,739160691
B2_03_005,1796.55878444977,743660357
B2_03_006,1805.4614121391005,743209163
B2_03_007,1766.7521674111288,723032724
B2_03_008,1753.4089783659715,718091113
B2_03_009,1711.9955146237892,702298224
B2_03_010,1713.4948316924656,704354326
B2_03_011,1650.0204972164877,674587780
B2_03_012,1634.2771810959403,665258675
B2_03_013,1581.6180094463152,648632617
B2_03_014,1583.3309180823974,643536935
B2_03_015,1471.3831539463094,597809733
B2_03_016,1464.3551327502962,598095353
B2_03_017,1407.54740455263,577781319
B2_03_018,1394.9032375072727,572996957
B2_03_019,1368.2396999726893,561109628
B2_03_020,1391.5263912091357,568079517
B2_03_021,1339.625410600789,551379102
B2_03_022,1326.942600861865,544100871
B2_03_023,1296.6511724762777,532384225
B2_03_024,1285.4512289742202,526847328
B2_03_025,1226.7967974977248,502823523
B2_03_026,1238.593216289875,508093232
B2_03_027,1215.1215502098175,498054021
B2_03_028,1220.6225519432307,501413435
B2_03_029,1208.231019474988,493591369
B2_03_030,1188.0709388949908,487846877
B2_03_031,1157.067902406723,475284154
B2_03_032,1155.9538397550184,475250770
B2_03_033,1140.1025652253238,468667662
B2_03_034,1128.9062496195493,463638410
B2_03_035,1128.0502847699709,458714880
B2_03_036,1113.8885931558934,457006212
B2_03_037,1094.7200832111312,449406678
B2_03_038,1109.943155883316,454235357
B2_03_039,1101.4775657162786,448485316
B2_03_040,1093.6979793328119,448863494
B2_03_041,1080.7140687702206,441933162
B2_03_042,1056.2292334153171,434170420
B2_03_043,1085.7689646065087,448100109
B2_03_044,1051.7576614276677,432293434
B2_03_045,1043.4236866449194,428617582
B2_03_046,1062.5230039537282,434820539
B2_03_047,1035.9384288280899,424378393
B2_03_048,1052.4326675726836,433665405
B2_03_049,1070.1592588901824,440303115
B2_03_050,1041.2784094085846,428349658
B2_03_051,1060.9111361379544,438039599
B2_03_052,1035.716487769861,427069408
B2_03_053,1044.434062649016,431483911
B2_03_054,1055.5448284719378,435594851
B2_03_055,1023.2425062906714,422510133
B2_03_056,1039.500125032472,428162825
B2_03_057,1030.7500253298917,427276808
B2_03_058,1016.7937067410875,421177306
B2_03_059,1030.8000663394887,425748259
B2_03_060,1035.3178071456905,428054218
B2_03_061,1037.4865131301444,430437592
B3_03_001,2025.5604614672643,739700246
B3_03_002,2039.520085048011,743405071
B3_03_003,2078.363569237917,751538345
B3_03_004,2050.6545918692605,739833113
B3_03_005,2042.7747673005206,741132985
B3_03_006,2031.4946403872752,740260395
B3_03_007,1996.2534482379942,727123341
B3_03_008,1970.193090305357,714376253
B3_03_009,1938.9101617547099,701703221
B3_03_010,1942.2069752407685,703012890
B3_03_011,1902.25549360083,687427579
B3_03_012,1881.303127165125,681552853
B3_03_013,1841.096574653986,666705256
B3_03_014,1824.9619463505926,661143564
B3_03_015,1779.2885585595532,644693182
B3_03_016,1783.108815206659,646516028
B3_03_017,1731.2295265131138,627537810
B3_03_018,1709.2926555073361,620345037
B3_03_019,1681.7639440473038,609794152
B3_03_020,1653.0955522621593,600100135
B3_03_021,1651.6902735880792,599005298
B3_03_022,1643.4396739533568,598207111
B3_03_023,1631.4878369926594,594755628
B3_03_024,1658.9112041256633,602821789
B3_03_025,1617.648387362864,588322542
B3_03_026,1622.2534127609133,591215656
B3_03_027,1631.768964410263,594712885
B3_03_028,1640.782669287803,599272899
B3_03_029,1646.7573440291544,601891456
B3_03_030,1645.0966572154227,601091997
B3_03_031,1626.3369155411233,593988658
B3_03_032,1620.6500441946316,592232525
B3_03_033,1615.6325329566855,590235802
B3_03_034,1604.7165814423186,587160983
B3_03_035,1613.3310489426378,590182311
B3_03_036,1601.3006751778005,586751796
B3_03_037,1584.921904091115,580566403
B3_03_038,1604.2174706065455,587525398
B3_03_039,1587.5988389689783,582240761
B3_03_040,1576.5533734134935,578224598
B3_03_041,1576.3998705010026,577003339
B3_03_042,1558.767146305869,571436242
B3_03_043,1583.6751153713508,578583034
B3_03_044,1539.0355477600342,562443619
B3_03_045,1534.387294561946,562311515
B3_03_046,1567.469712445541,572413292
B3_03_047,1542.651225681678,564736846
B3_03_048,1562.6348932499461,572429102
B3_03_049,1584.7878651206272,579775623
B3_03_050,1558.2609387778546,569704874
B3_03_051,1570.261475416572,573244365
B3_03_052,1544.62098024896,564714975
B3_03_053,1533.2641375313044,560812824
B3_03_054,1552.8499753316523,566541785
B3_03_055,1521.12225378684,554728948
B3_03_056,1534.9857196058995,560555295
B3_03_057,1538.5985734719595,560420683
B3_03_058,1514.8709296121485,553647453
B3_03_059,1537.9443750378373,558885910
B3_03_060,1531.5697486274057,558468530
B3_03_061,1529.3744716867948,558339444
B4_03_001,1817.1537058204583,720154368
B4_03_002,1833.1130446577263,729793466
B4_03_003,1865.3349054706355,741955612
B4_03_004,1838.294101958969,730637344
B4_03_005,1822.8184075938182,717814952
B4_03_006,1784.264218818625,702816323
B4_03_007,1726.042659613206,682573926
B4_03_008,1680.431498513505,664148539
B4_03_009,1654.6397709499897,652753735
B4_03_010,1608.8448982382915,635242755
B4_03_011,1551.7296223615565,615985453
B4_03_012,1465.071907724324,595582497
B4_03_013,1403.5194518298404,574342616
B4_03_014,1405.4120755807971,573613317
B4_03_015,1339.4457888255326,547095293
B4_03_016,1336.261987314597,546496410
B4_03_017,1293.1880300703338,528794931
B4_03_018,1281.2519555382655,523661768
B4_03_019,1250.7655989640598,511925852
B4_03_020,1242.57088160052,508543257
B4_03_021,1222.0760270580802,500969292
B4_03_022,1205.4295319040975,494124852
B4_03_023,1192.3716033949602,489317112
B4_03_024,1193.943992599535,490454283
B4_03_025,1145.6936051827786,471118376
B4_03_026,1154.7208114426242,475183780
B4_03_027,1138.6833025980432,468658135
B4_03_028,1144.7846165043245,471874495
B4_03_029,1147.1644412325331,473037846
B4_03_030,1138.8281642531933,470997691
B4_03_031,1110.1435517648679,459596100
B4_03_032,1099.8615668051634,456102693
B4_03_033,1085.8605224200867,450373682
B4_03_034,1075.1818643631173,446586464
B4_03_035,1076.8773561988141,447727914
B4_03_036,1067.189691237817,443345815
B4_03_037,1037.6900610497091,432075463
B4_03_038,1041.6795683802018,434029334
B4_03_039,1036.433046055566,432211236
B4_03_040,1028.431158326505,429244540
B4_03_041,1023.3707934806279,427659491
B4_03_042,996.0286564453102,416743370
B4_03_043,1028.899597002482,430710747
B4_03_044,985.4555360960526,413008357
B4_03_045,977.7999914244266,410477503
B4_03_046,988.5764800632866,414883800
B4_03_047,968.0048769568551,406498160
B4_03_048,983.0231822245046,413483143
B4_03_049,996.8183864817447,419307667
B4_03_050,969.1878562695125,408226771
B4_03_051,986.3635802923085,415792690
B4_03_052,966.8324685934855,408278849
B4_03_053,965.9181053636768,408649041
B4_03_054,976.7988958897308,413151745
B4_03_055,940.1909184848535,397609560
B4_03_056,953.0979352645685,404322253
B4_03_057,950.3621100287263,402623759
B4_03_058,932.6323961878508,395154481
B4_03_059,949.076131789143,402447192
B4_03_060,950.5748381372426,403896397
B4_03_061,947.712649851709,402306863
B5_03_001,3208.1402035228575,1281850916
B5_03_002,3312.1889806403105,1321646208
B5_03_003,3378.3245783764214,1353137235
B5_03_004,3424.4357472121183,1373578847
B5_03_005,3453.0560885241825,1388646506
B5_03_006,3490.484672754719,1401227148
B5_03_007,3466.06476127499,1394266143
B5_03_008,3473.192444451075,1396806859
B5_03_009,3480.689733370839,1398259199
B5_03_010,3466.842321586736,1393434868
B5_03_011,3441.086012648335,1386953805
B5_03_012,3433.248895196929,1383643937
B5_03_013,3408.2564714967048,1377075353
B5_03_014,3416.6414286985582,1382154457
B5_03_015,3359.7156824085528,1363218077
B5_03_016,3354.634720730662,1361941441
B5_03_017,3307.182634362014,1343430501
B5_03_018,3308.4055519292583,1343163028
B5_03_019,3267.515191584608,1326980397
B5_03_020,3236.7188446594537,1315373408
B5_03_021,3215.803236839131,1308838349
B5_03_022,3190.4216503227713,1294864531
B5_03_023,3181.0756310139595,1298238319
B5_03_024,3173.4624389476116,1290386950
B5_03_025,3113.3296051458756,1274886680
B5_03_026,3148.342678097031,1284637153
B5_03_027,3114.788519106336,1275661638
B5_03_028,3132.874477018088,1283444687
B5_03_029,3139.0282834049385,1286646886
B5_03_030,3146.925663173138,1290827997
B5_03_031,3120.729728741416,1280120214
B5_03_032,3111.5510851504323,1278999962
B5_03_033,3158.615452511793,1299012191
B5_03_034,3167.0502020949907,1304618825
B5_03_035,3196.6996471236816,1316269850
B5_03_036,3250.769816866161,1340539454
B5_03_037,3311.2014116656055,1367953328
B5_03_038,3398.6592449060063,1404934360
B5_03_039,3479.8060487522184,1441109478
B5_03_040,3546.451094125207,1468010873
B5_03_041,3624.278315140905,1498791303
B5_03_042,3725.9436512809602,1541326014
B5_03_043,3918.5433127997503,1620196185
B5_03_044,4026.1977809879027,1666717043
B5_03_045,4222.7185406744875,1744962428
B5_03_046,4365.6624343596795,1802389930
B5_03_047,4509.7962890771605,1862532338
B5_03_048,4733.223067492377,1957391267
B5_03_049,4956.090783844536,2050483440
B5_03_050,5098.472061368678,2112210301
B5_03_051,5334.317199529203,2211693260
B5_03_052,5571.464963806382,2310564521
B5_03_053,5887.187531764326,2444165986
B5_03_054,6190.299222738795,2576433488
B5_03_055,6502.373058390806,2703029978
B5_03_056,6793.46597853907,2826795161
B5_03_057,7075.505981621962,2948313814
B5_03_058,7362.1818959686225,3080285370
B5_03_059,7659.557235488199,3208328101
B5_03_060,7990.5650104334345,3350643673
B5_03_061,8337.295195472712,3500446737
B6_03_001,1999.6796557701832,807470645
B6_03_002,2029.8373944975199,813118353
B6_03_003,2028.1469961149655,823780578
B6_03_004,2041.3713664247377,824944707
B6_03_005,2047.0140892441545,833814343
B6_03_006,2050.9931257035278,834503981
B6_03_007,2024.1831955008324,823140169
B6_03_008,1973.6439490949722,798374503
B6_03_009,1915.01628674176,773214636
B6_03_010,1881.1825457743068,757313301
B6_03_011,1804.9895126176318,732502649
B6_03_012,1761.67095168469,712065637
B6_03_013,1685.067807271355,683124804
B6_03_014,1685.2086535236463,678288057
B6_03_015,1623.0311726573389,654467844
B6_03_016,1573.857679652762,653405902
B6_03_017,1514.1697269043566,631514768
B6_03_018,1503.0672109292125,629105775
B6_03_019,1473.1262159109092,616825936
B6_03_020,1434.7472347193168,600820491
B6_03_021,1412.8943633618521,589558431
B6_03_022,1379.388966317126,577999841
B6_03_023,1369.9163529883829,573567538
B6_03_024,1360.6445661236494,569548127
B6_03_025,1300.7599359708386,545257753
B6_03_026,1302.9580201010308,545269690
B6_03_027,1288.5607785346467,539499781
B6_03_028,1285.4239312677244,536669633
B6_03_029,1270.7496871028843,529991572
B6_03_030,1256.7936294505957,526229547
B6_03_031,1223.2047437315148,509938156
B6_03_032,1208.4989237047466,506397304
B6_03_033,1201.8022807765856,501528917
B6_03_034,1193.3033748416549,499266199
B6_03_035,1179.6240880374974,492015309
B6_03_036,1168.560767442418,487558609
B6_03_037,1143.404377196258,477664039
B6_03_038,1156.8127829216878,484012782
B6_03_039,1148.1410331498184,480282320
B6_03_040,1142.0882443564933,478154659
B6_03_041,1137.1651008410788,476050289
B6_03_042,1113.3113439137267,466212485
B6_03_043,1143.0366092861882,479016924
B6_03_044,1102.9049203287707,461463139
B6_03_045,1097.4489849130352,458780866
B6_03_046,1113.0408195949353,465643966
B6_03_047,1089.390349118133,456328187
B6_03_048,1102.7566462850439,462421150
B6_03_049,1120.0321580606687,468588974
B6_03_050,1098.361681031195,460819840
B6_03_051,1113.242670411735,466889523
B6_03_052,1093.6922475632134,458924204
B6_03_053,1093.5889912544228,458664346
B6_03_054,1110.7474062603958,464106921
B6_03_055,1071.9112774134446,449326985
B6_03_056,1087.98102479465,456173036
B6_03_057,1084.3226510994245,455259371
B6_03_058,1064.7202020805216,445739789
B6_03_059,1082.9412324018529,453298624
B6_03_060,1081.6078492822967,452112081
B6_03_061,1075.7483842492634,450905314
C1_03_001,2657.7054381768735,1054495129
C1_03_002,2795.220605550247,1108671144
C1_03_003,2930.849968678744,1169672914
C1_03_004,3138.0602209763942,1246553628
C1_03_005,3353.680938386959,1335200992
C1_03_006,3585.743491546448,1422242127
C1_03_007,3868.68048690111,1534755842
C1_03_008,4152.942642723808,1644096004
C1_03_009,4400.160604044771,1746238937
C1_03_010,4676.764254587705,1855585723
C1_03_011,4961.648759851061,1966817415
C1_03_012,5307.448572621141,2098060958
C1_03_013,5630.363925029016,2221775387
C1_03_014,6070.445351230243,2395130636
C1_03_015,6385.250376008386,2521778013
C1_03_016,6749.437104699477,2668909666
C1_03_017,7128.394125614021,2821076232
C1_03_018,7508.420800549109,2975421978
C1_03_019,7807.059974653629,3098629911
C1_03_020,8137.881781174082,3222487255
C1_03_021,8405.872967395166,3335811846
C1_03_022,8763.43995473893,3477411845
C1_03_023,9032.641011418675,3582625437
C1_03_024,9403.670160179494,3734357283
C1_03_025,9662.363316189483,3838151593
C1_03_026,9969.937212471028,3965901444
C1_03_027,10308.229135705611,4099345638
C1_03_028,10625.07599659537,4231765893
C1_03_029,10926.389482269682,4353838417
C1_03_030,11241.939867731564,4485949959
C1_03_031,11553.222965577183,4612520290
C1_03_032,11893.882397855088,4751094581
C1_03_033,12242.269709917473,4890872445
C1_03_034,12594.089193975418,5027950823
C1_03_035,13003.485019436806,5211614747
C1_03_036,13370.02537366094,5343023130
C1_03_037,13736.273299694656,5501803281
C1_03_038,14129.0747041882,5656419638
C1_03_039,14500.443607258641,5810052245
C1_03_040,14907.20387680852,5973942696
C1_03_041,15263.139967039553,6112582294
C1_03_042,15664.682183831927,6268363558
C1_03_043,16046.843642156888,6426215286
C1_03_044,16355.941885471368,6540741160
C1_03_045,16630.44727696694,6661259135
C1_03_046,17054.83453987837,6834400900
C1_03_047,17355.48594433573,6962239964
C1_03_048,17744.81727412006,7099932074
C1_03_049,18110.709453192783,7264060676
C1_03_050,18489.011612603546,7403499453
C1_03_051,18857.218111493738,7556841586
C1_03_052,19241.30730566015,7705835715
C1_03_053,19523.776498753115,7829034376
C1_03_054,19979.944855415266,7986603337
C1_03_055,20303.09167617275,8116039079
C1_03_056,20596.22993090979,8224754287
C1_03_057,20846.878484035962,8326847826
C1_03_058,21265.250250747227,8480751922
C1_03_059,21592.456305513795,8603233513
C1_03_060,22082.631045686758,8787760942
C1_03_061,22685.166776237606,8971575127
C2_03_001,2058.1089103341055,804872884
C2_03_002,2074.623399656518,812980597
C2_03_003,2140.082824994186,837429390
C2_03_004,2193.5600579314782,858772182
C2_03_005,2303.0387220123466,899815653
C2_03_006,2397.0397784878182,936254973
C2_03_007,2542.748285614561,990766613
C2_03_008,2722.2841602758763,1057825179
C2_03_009,2949.941229113885,1150394481
C2_03_010,3261.6823102836424,1268370400
C2_03_011,3551.867850766484,1384631748
C2_03_012,3956.086079820216,1542086310
C2_03_013,4391.292419902888,1711075874
C2_03_014,4811.944682575717,1875893327
C2_03_015,5098.2831481301055,1988442590
C2_03_016,5425.642506016955,2123563923
C2_03_017,5744.4695605666675,2244800837
C2_03_018,6016.224710551751,2340407672
C2_03_019,6245.294875550553,2430381482
C2_03_020,6493.757603269438,2524857375
C2_03_021,6683.552082852201,2604620348
C2_03_022,6944.72625022879,2693921815
C2_03_023,7186.358628700964,2802435529
C2_03_024,7529.258716050529,2919989586
C2_03_025,7764.0835983795905,3014770369
C2_03_026,8033.864641437847,3125382226
C2_03_027,8407.70496493502,3282519357
C2_03_028,8688.950022075509,3384971638
C2_03_029,9086.455043038442,3542663438
C2_03_030,9397.63078987387,3676964011
C2_03_031,9682.032787345683,3791919731
C2_03_032,9999.638798730432,3900399112
C2_03_033,10337.392073569705,4044483974
C2_03_034,10700.183926388527,4184050120
C2_03_035,11042.72178927601,4316180324
C2_03_036,11438.923266187197,4472481730
C2_03_037,11836.264223766642,4630689816
C2_03_038,12089.048404980691,4742715025
C2_03_039,12392.533368403312,4852891282
C2_03_040,12777.923102218529,5012613120
C2_03_041,13150.40941607308,5163758115
C2_03_042,13617.234071112016,5346398441
C2_03_043,13959.318173386964,5493815301
C2_03_044,14232.77016806936,5604380978
C2_03_045,14771.027704931794,5807126145
C2_03_046,15122.267016200085,5938725969
C2_03_047,15424.217078432419,6070185207
C2_03_048,15799.264858258653,6218100871
C2_03_049,16270.411855717248,6404294433
C2_03_050,16681.56401079082,6566997941
C2_03_051,17094.033229778925,6723972159
C2_03_052,17507.677381200687,6883003301
C2_03_053,17942.61327985921,7055250853
C2_03_054,18416.599665772505,7229380949
C2_03_055,18872.34446186104,7416529416
C2_03_056,19326.243457656106,7593319707
C2_03_057,19925.99950291334,7776599530
C2_03_058,20266.654575693574,7945096060
C2_03_059,20787.067671604767,8162270779
C2_03_060,21222.7735891366,8328601599
C2_03_061,21588.02423829952,8469262553
C3_03_001,3316.49633966588,1212766432
C3_03_002,3510.4226150096392,1309201583
C3_03_003,3826.93528223946,1410018997
C3_03_004,4196.4906895240165,1544644293
C3_03_005,4546.401834477727,1669884301
C3_03_006,4879.68487917245,1817550866
C3_03_007,5379.380640437958,1969186836
C3_03_008,5792.883809513518,2144340214
C3_03_009,6241.468847614339,2297846688
C3_03_010,6661.893115342687,2456653029
C3_03_011,7034.648876236303,2584712898
C3_03_012,7440.9343545695765,2720182372
C3_03_013,7847.007922982384,2873181951
C3_03_014,8292.946336756533,3033866609
C3_03_015,8687.164757446506,3175219529
C3_03_016,9100.22402975243,3315575623
C3_03_017,9438.342548746134,3424211800
C3_03_018,9808.910478439726,3555229794
C3_03_019,10186.75702161193,3709986347
C3_03_020,10610.591401844467,3855432660
C3_03_021,10894.304748642404,3974231478
C3_03_022,11471.799896315071,4182228201
C3_03_023,11713.403301597345,4294965302
C3_03_024,12218.582378528055,4483193372
C3_03_025,12582.73359742645,4631100266
C3_03_026,13102.714272440067,4794387974
C3_03_027,13566.155906886675,4988017770
C3_03_028,14144.821619755261,5202762433
C3_03_029,14520.80922066645,5351208614
C3_03_030,14968.480848819061,5504778580
C3_03_031,15512.547064799322,5710975227
C3_03_032,16120.809837279516,5921447507
C3_03_033,16507.92637502476,6084111821
C3_03_034,16980.081760067318,6255377220
C3_03_035,17446.441161696635,6460172912
C3_03_036,18015.178985849765,6593573524
C3_03_037,18502.862143687013,6848094308
C3_03_038,18771.214036744273,6957925907
C3_03_039,19293.77470529762,7142632571
C3_03_040,19882.98693972221,7337975394
C3_03_041,20318.51564764191,7473536107
C3_03_042,20714.54111332717,7664918790
C3_03_043,21083.686401276365,7849604033
C3_03_044,21453.943228030486,7966063660
C3_03_045,21602.51949135715,8050783759
C3_03_046,22033.8575802872,8210498384
C3_03_047,22202.462099285094,8307606256
C3_03_048,22295.225488336302,8344679291
C3_03_049,22529.943481722534,8432642426
C3_03_050,22655.120016200763,8502262646
C3_03_051,22964.12328155283,8637702367
C3_03_052,23443.352233681548,8808253518
C3_03_053,23938.722736725766,8966942824
C3_03_054,24799.649142843475,8294937046
C3_03_055,24681.634515449252,9299595616
C3_03_056,25102.6455413182,9430913314
C3_03_057,25381.31790312448,9575026035
C3_03_058,25663.439061696452,9681121771
C3_03_059,26123.085155222867,9855299598
C3_03_060,26418.966554926927,9969593314
C3_03_061,27073.875499927526,10086480613
C4_03_001,758.8236638988392,295725723
C4_03_002,760.285882875094,296351074
C4_03_003,778.8251949638017,301001919
C4_03_004,775.7228324423116,300501838
C4_03_005,776.6157276515612,300234204
C4_03_006,774.0777395716623,300531812
C4_03_007,774.9179820013569,302671340
C4_03_008,776.2426008324223,302506399
C4_03_009,776.5776589015874,303260565
C4_03_010,796.39472576655,310329540
C4_03_011,779.5988275135306,304795076
C4_03_012,781.6096964074757,305005207
C4_03_013,767.053271971876,300013711
C4_03_014,803.8027736508268,315417835
C4_03_015,771.0313969380782,302376925
C4_03_016,788.9471551669113,309010877
C4_03_017,774.0896228700226,303597176
C4_03_018,793.9298111495896,311559494
C4_03_019,796.8441407511577,313345412
C4_03_020,798.447761345682,314328124
C4_03_021,799.636206629433,314839964
C4_03_022,799.2224633089148,315301254
C4_03_023,802.2947669861787,316302305
C4_03_024,822.5220437956204,323970870
C4_03_025,786.8137662482341,310764686
C4_03_026,806.8558814813314,318552350
C4_03_027,808.5854584476458,319485052
C4_03_028,827.0319639674309,326657777
C4_03_029,828.3991137206552,327890310
C4_03_030,831.3501617959349,328848870
C4_03_031,814.4859866192861,322490025
C4_03_032,817.7476509999216,323321884
C4_03_033,816.4441122279538,323033461
C4_03_034,817.292765240465,324024707
C4_03_035,818.8272839157453,324674844
C4_03_036,820.105328817045,325406313
C4_03_037,803.5804385794683,318845450
C4_03_038,824.7177683811929,326691326
C4_03_039,822.3828110632745,326447324
C4_03_040,823.5588878845181,327078883
C4_03_041,824.6202044743927,326501773
C4_03_042,806.6851075733558,320091844
C4_03_043,845.6786955238117,335139930
C4_03_044,811.1237556139139,321839306
C4_03_045,811.1158001478182,321553070
C4_03_046,829.4229866295882,329277608
C4_03_047,812.224977269808,322493115
C4_03_048,831.8578853578854,330502129
C4_03_049,852.6538384173631,339114074
C4_03_050,833.3123555622687,331016667
C4_03_051,852.9386812728274,339318625
C4_03_052,837.9538237798491,333612042
C4_03_053,839.9361261596293,334271060
C4_03_054,857.1692342876673,341071067
C4_03_055,822.5946337432803,326538811
C4_03_056,840.6413165030294,334518921
C4_03_057,841.2693924840223,334740250
C4_03_058,825.328485578431,328922288
C4_03_059,843.0710706790775,335849164
C4_03_060,844.7451255439065,336636001
C4_03_061,847.9278006611496,337811892
C5_03_001,2972.9373072539333,1134636388
C5_03_002,3042.756048886098,1167904097
C5_03_003,3175.8655366608355,1209071065
C5_03_004,3392.5495136316813,1294261032
C5_03_005,3612.379664584681,1362604059
C5_03_006,3806.656317089019,1464611018
C5_03_007,4058.082626879465,1545695266
C5_03_008,4342.523651956293,1658835350
C5_03_009,4635.799322619101,1761571292
C5_03_010,4959.305210282779,1878817901
C5_03_011,5266.426610165885,1979776157
C5_03_012,5517.785407370902,2071349053
C5_03_013,5783.286860504184,2168859805
C5_03_014,6100.814416957749,2295016569
C5_03_015,6335.23665673937,2405875808
C5_03_016,6646.842752380124,2522456884
C5_03_017,6955.752477099508,2640243658
C5_03_018,7360.5909177360645,2786440019
C5_03_019,7651.743617212154,2899919010
C5_03_020,7954.518914536462,3021866054
C5_03_021,8256.929016017335,3109493412
C5_03_022,8603.211172413427,3229395981
C5_03_023,9031.192910613005,3385270413
C5_03_024,9395.967322828335,3516891777
C5_03_025,9546.159006622516,3603675025
C5_03_026,9919.192895552436,3744594510
C5_03_027,10477.615546885208,3928781024
C5_03_028,10738.943583598657,4050869126
C5_03_029,11084.8924142942,4180157269
C5_03_030,11538.827761664616,4340433912
C5_03_031,11943.940143116975,4498267017
C5_03_032,12311.241173643217,4636056400
C5_03_033,12636.430617922557,4778314601
C5_03_034,13015.5101647583,4931030150
C5_03_035,13381.760606444663,5068100958
C5_03_036,13746.383883091314,5208422375
C5_03_037,14052.079206560928,5320187448
C5_03_038,14378.769566272176,5452774510
C5_03_039,14856.107139838343,5624225041
C5_03_040,15116.206174981504,5741482778
C5_03_041,15358.346987666035,5827571181
C5_03_042,15669.673249555899,5945356085
C5_03_043,16075.003372227411,6092072628
C5_03_044,16418.620591600884,6212756776
C5_03_045,16847.8458910916,6357753669
C5_03_046,17079.694140920863,6449326667
C5_03_047,17574.83576400661,6635133195
C5_03_048,17980.98142773617,6796505303
C5_03_049,18277.583825237467,6892586526
C5_03_050,18621.56650354518,7035916823
C5_03_051,19098.197878531373,7219882726
C5_03_052,19268.606331629002,7273320832
C5_03_053,19748.0494532074,7470627864
C5_03_054,20085.143270775214,7602789112
C5_03_055,20463.749428345625,7768039283
C5_03_056,20923.81354736842,7951049148
C5_03_057,21403.147334464033,8114297008
C5_03_058,21689.09628712025,8246563123
C5_03_059,22185.50174531079,8440429768
C5_03_060,22604.322656428612,8601871548
C5_03_061,22909.899310268633,8709152403
C6_03_001,1533.6855395260907,668478314
C6_03_002,1551.268722668472,678251916
C6_03_003,1558.843178159485,680735904
C6_03_004,1555.3330209648493,673846476
C6_03_005,1578.1000931828876,684194764
C6_03_006,1601.5472668988516,693450748
C6_03_007,1615.8425549622027,698965014
C6_03_008,1658.224298738219,710452935
C6_03_009,1690.7744819653235,724650726
C6_03_010,1760.2302282983248,752440335
C6_03_011,1815.9627680901501,774488145
C6_03_012,1897.9052831671243,806736905
C6_03_013,1962.675487488138,833503138
C6_03_014,2097.0339056558655,894523365
C6_03_015,2165.287632834856,924651439
C6_03_016,2334.8834740424127,991473244
C6_03_017,2462.1982253808633,1046971005
C6_03_018,2657.5859821584254,1127884806
C6_03_019,2794.6678984398322,1188860108
C6_03_020,2969.953863579984,1269055346
C6_03_021,3165.129444479674,1347651980
C6_03_022,3349.4152452512203,1430920434
C6_03_023,3510.278975403599,1499222599
C6_03_024,3778.8903525493342,1615638118
C6_03_025,3965.707065443201,1689403107
C6_03_026,4219.99510184731,1798051293
C6_03_027,4455.7406941938325,1903880074
C6_03_028,4654.058281792725,1991089906
C6_03_029,4933.321474406177,2110371327
C6_03_030,5229.075968145641,2231204883
C6_03_031,5499.405643450551,2353943594
C6_03_032,5820.25381963635,2485271662
C6_03_033,6071.266051759859,2593432363
C6_03_034,6341.504957559929,2719490986
C6_03_035,6666.55685074543,2847526427
C6_03_036,6985.78748004982,2989504880
C6_03_037,7217.353517414144,3088507656
C6_03_038,7505.948629115682,3221643223
C6_03_039,7848.874406986606,3368454336
C6_03_040,8164.39873236785,3512740719
C6_03_041,8483.604507721022,3654499281
C6_03_042,8771.58466956183,3781114374
C6_03_043,9136.78772325251,3948316626
C6_03_044,9404.622358279677,4076687486
C6_03_045,9749.780886612845,4234154343
C6_03_046,10169.893639433438,4412157506
C6_03_047,10562.45594262531,4584729064
C6_03_048,10962.898371423844,4770000933
C6_03_049,11437.008091546119,4968282063
C6_03_050,11808.31408261667,5138010007
C6_03_051,12236.920618826303,5334342910
C6_03_052,12498.116011961085,5441829689
C6_03_053,12855.532343472047,5586230169
C6_03_054,13261.677385492683,5786122890
C6_03_055,13738.879632159,5984971962
C6_03_056,14186.77396771328,6180595760
C6_03_057,14502.39218801509,6334876946
C6_03_058,14853.036015618349,6455381954
C6_03_059,15325.669864578009,6656643403
C6_03_060,15671.146197002467,6818374670
C6_03_061,16018.82594143794,6987748271
D4_03_001,760.3400701475425,313685139
D4_03_002,758.4345684233039,312071555
D4_03_003,772.4994371281892,318402638
D4_03_004,770.470954012958,316082627
D4_03_005,767.3680975846502,319388578
D4_03_006,766.0502503081083,320732983
D4_03_007,765.8054375408858,319586691
D4_03_008,763.6805021264199,319813357
D4_03_009,765.6376479708553,321967475
D4_03_010,783.8226200220648,330369477
D4_03_011,765.1053101863671,323667090
D4_03_012,764.9514045175993,323922497
D4_03_013,748.0715822459746,316065480
D4_03_014,785.4480279472359,333209046
D4_03_015,748.5413947932503,317085129
D4_03_016,768.1721153438206,325906238
D4_03_017,749.5430579384981,318040114
D4_03_018,768.6687941597615,327460593
D4_03_019,769.3973432045545,328401868
D4_03_020,769.2001067473202,328584594
D4_03_021,771.1759547178281,329845837
D4_03_022,770.9708020676227,330220672
D4_03_023,772.284929191433,330798982
D4_03_024,792.5336740654885,340522396
D4_03_025,755.6357395992582,324736726
D4_03_026,775.0185299251783,333430797
D4_03_027,777.0267643738249,335175934
D4_03_028,797.5434426419199,344626497
D4_03_029,796.6316478100042,345225901
D4_03_030,798.2302138531852,346162111
D4_03_031,778.8938923949086,342248313
D4_03_032,780.7175347711789,343306483
D4_03_033,781.6030561309383,345261426
D4_03_034,782.4820749641725,346168505
D4_03_035,783.1466322178848,347067093
D4_03_036,784.9655714666583,347424192
D4_03_037,766.584401605737,339720310
D4_03_038,785.7646648516077,349217390
D4_03_039,788.4706322677523,350758257
D4_03_040,788.6408068879584,351272445
D4_03_041,790.985554092521,352622151
D4_03_042,772.3048539291576,344407805
D4_03_043,811.1694860904936,361744277
D4_03_044,776.1696911313412,347263753
D4_03_045,776.9018014669664,346992313
D4_03_046,795.473735184452,355641193
D4_03_047,779.6629615741733,349313956
D4_03_048,798.5731624122171,358199992
D4_03_049,818.4520092837163,367803330
D4_03_050,801.6684195254782,359171502
D4_03_051,821.2296131552616,368512828
D4_03_052,802.0269791842501,361101419
D4_03_053,805.5550020856816,363057195
D4_03_054,824.9443781602058,371983919
D4_03_055,790.1250549011779,356196276
D4_03_056,808.7876212976505,366645266
D4_03_057,809.6115931347671,366901401
D4_03_058,790.4516336514804,358851604
D4_03_059,812.2927716971286,368921445
D4_03_060,812.9245576811952,368584872
D4_03_061,814.3503616487036,369403168
D5_03_001,829.2999885335446,318225626
D5_03_002,826.811412275585,318921832
D5_03_003,842.1178218026212,326285287
D5_03_004,841.7723266325527,324233023
D5_03_005,839.0877668183266,324031362
D5_03_006,837.374285046525,326040889
D5_03_007,837.1647461418486,326346910
D5_03_008,840.2254114475088,329087726
D5_03_009,840.8488151019462,330372022
D5_03_010,859.7188904172398,337508442
D5_03_011,840.4351786043994,332283697
D5_03_012,842.0456385033633,334356956
D5_03_013,823.9620352329616,326049193
D5_03_014,861.388900288018,340047912
D5_03_015,825.0093213681412,327654102
D5_03_016,847.0390133280486,337657703
D5_03_017,827.0911984472581,328973870
D5_03_018,846.0721082496726,339211460
D5_03_019,847.6960129960778,341268004
D5_03_020,850.1708064516129,342618835
D5_03_021,851.4088402593209,342768685
D5_03_022,850.9903717248585,345318277
D5_03_023,854.497799911651,346251908
D5_03_024,871.3991129627728,356403980
D5_03_025,837.807323835743,341147602
D5_03_026,854.9356360335012,351251161
D5_03_027,854.0585320630893,350074322
D5_03_028,873.8063096662323,360813849
D5_03_029,875.2567106722687,360599638
D5_03_030,876.0108881479237,361244990
D5_03_031,859.6446589084488,354426335
D5_03_032,859.6351793503137,354949383
D5_03_033,859.1256939855391,356222723
D5_03_034,860.3628307499608,357183931
D5_03_035,861.3981490827122,358443275
D5_03_036,864.1480498097111,358985247
D5_03_037,843.7358121377592,352293451
D5_03_038,863.5026262771622,360028785
D5_03_039,865.3441539643081,361685300
D5_03_040,865.2105171484063,362614919
D5_03_041,865.5571328347028,363953791
D5_03_042,846.747029168167,357415308
D5_03_043,885.5288879851706,374529130
D5_03_044,848.8868268331918,357787122
D5_03_045,847.9135899245478,358034905
D5_03_046,866.1693820005626,366468470
D5_03_047,850.892784642698,360895113
D5_03_048,869.1520452791356,368244946
D5_03_049,890.1722919252021,377310208
D5_03_050,872.7106269275137,370701293
D5_03_051,889.308737563211,378804614
D5_03_052,871.6970543928742,372074299
D5_03_053,872.4657875588146,372894495
D5_03_054,890.2737735046132,380754068
D5_03_055,854.291258662776,365373537
D5_03_056,874.2779468897543,374237298
D5_03_057,875.0965076409971,374158013
D5_03_058,855.1898830143346,366607075
D5_03_059,875.6661452643812,376755359
D5_03_060,874.726980343499,375051439
D5_03_061,873.3933058659412,376905894
D6_03_001,805.9413630708168,313514414
D6_03_002,804.1692888205059,313071950
D6_03_003,819.3530325460518,325993533
D6_03_004,815.3235110675828,325500790
D6_03_005,812.1755450808741,325827773
D6_03_006,812.0189833790871,320343925
D6_03_007,815.2794887921709,324065444
D6_03_008,814.8264530078219,323349211
D6_03_009,814.5815509033727,322722548
D6_03_010,833.5322168914181,330443845
D6_03_011,818.0029490792319,324529582
D6_03_012,815.2214364651836,329002176
D6_03_013,800.950461288145,323913177
D6_03_014,836.2188976300375,339503200
D6_03_015,801.7126055644785,324950955
D6_03_016,820.0968470849735,333535848
D6_03_017,803.9540402685885,326743805
D6_03_018,822.4528124410559,331385977
D6_03_019,822.3202674063991,334086522
D6_03_020,823.7314808145585,331653240
D6_03_021,823.1052736194795,331279295
D6_03_022,823.6357896559829,332909468
D6_03_023,823.7630675710737,333364557
D6_03_024,843.3701759863612,340345408
D6_03_025,807.7195235685726,325643434
D6_03_026,826.3734008608265,332535962
D6_03_027,825.7423726958926,332037614
D6_03_028,845.3056899372039,340027595
D6_03_029,845.87304030798,340128933
D6_03_030,844.9730335067627,339913217
D6_03_031,829.9508803088419,333655193
D6_03_032,829.0403692350529,333470711
D6_03_033,830.453080160585,333660269
D6_03_034,827.4309111679539,333181605
D6_03_035,829.1390254129008,334195263
D6_03_036,829.7436743264777,334288791
D6_03_037,812.5669873928291,327162221
D6_03_038,828.4970749783447,333803957
D6_03_039,828.1625483262089,336526336
D6_03_040,830.1502251198618,335386502
D6_03_041,829.9669093168255,335315761
D6_03_042,809.8202347616607,327085583
D6_03_043,845.6152472702657,344784396
D6_03_044,810.292003333987,330534314
D6_03_045,813.6488052279311,329199052
D6_03_046,831.5330081807018,336548849
D6_03_047,812.688960454444,331338978
D6_03_048,833.0856720320847,340247184
D6_03_049,852.6431549824614,345167002
D6_03_050,834.4970266465809,337912881
D6_03_051,852.7774150082919,345559053
D6_03_052,835.9284682875342,342134655
D6_03_053,836.7678363955023,339935260
D6_03_054,854.7042755929565,346951816
D6_03_055,820.2721418535351,333351216
D6_03_056,835.8905268699019,342990124
D6_03_057,838.0524763022124,341441016
D6_03_058,820.4541692119357,334432708
D6_03_059,838.7846338175827,341634465
D6_03_060,838.5405933410301,342091859
D6_03_061,839.0245252068677,345254397
